SECCION ELECTORAL,MUNICIPIO,EXTRA DATA,TOTAL DE VOTOS,LISTA NOMINAL,CASILLA,DISTRITO F,DISTRITO L
1,ACAJETE,1,,,,,
2,ACAJETE,1,,,,,
4,ACAJETE,1,,,,,
5,ACAJETE,1,,,,,
6,ACAJETE,1,,,,,
7,ACAJETE,1,,,,,
8,ACAJETE,1,,,,,
9,ACAJETE,1,,,,,
10,ACAJETE,1,,,,,
11,ACAJETE,1,,,,,
15,ACAJETE,1,,,,,
16,ACAJETE,1,,,,,
17,ACAJETE,1,,,,,
18,ACAJETE,1,,,,,
28,ACATLAN,1,,,,,
29,ACATLAN,1,,,,,
31,ACATLAN,1,,,,,
32,ACATLAN,1,,,,,
34,ACATLAN,1,,,,,
35,ACATLAN,1,,,,,
37,ACATLAN,1,,,,,
40,ACATLAN,1,,,,,
45,ACATZINGO,1,,,,,
46,ACATZINGO,1,,,,,
47,ACATZINGO,1,,,,,
49,ACATZINGO,1,,,,,
50,ACATZINGO,1,,,,,
51,ACATZINGO,1,,,,,
52,ACATZINGO,1,,,,,
55,ACATZINGO,1,,,,,
57,ACATZINGO,1,,,,,
58,ACATZINGO,1,,,,,
59,ACATZINGO,1,,,,,
60,ACATZINGO,1,,,,,
66,AHUACATLAN,1,,,,,
76,AHUAZOTEPEC,1,,,,,
77,AHUAZOTEPEC,1,,,,,
79,AHUEHUETITLA,1,,,,,
80,AJALPAN,1,,,,,
81,AJALPAN,1,,,,,
82,AJALPAN,1,,,,,
83,AJALPAN,1,,,,,
84,AJALPAN,1,,,,,
85,AJALPAN,1,,,,,
86,AJALPAN,1,,,,,
90,AJALPAN,1,,,,,
91,AJALPAN,1,,,,,
94,AJALPAN,1,,,,,
96,AJALPAN,1,,,,,
97,AJALPAN,1,,,,,
107,ALTEPEXI,1,,,,,
108,ALTEPEXI,1,,,,,
110,ALTEPEXI,1,,,,,
111,ALTEPEXI,1,,,,,
112,ALTEPEXI,1,,,,,
116,AMOZOC,1,,,,,
117,AMOZOC,1,,,,,
118,AMOZOC,1,,,,,
120,AMOZOC,1,,,,,
121,AMOZOC,1,,,,,
122,AMOZOC,1,,,,,
123,AMOZOC,1,,,,,
124,AMOZOC,1,,,,,
126,AMOZOC,1,,,,,
127,AMOZOC,1,,,,,
129,AMOZOC,1,,,,,
130,AMOZOC,1,,,,,
131,AMOZOC,1,,,,,
132,AMOZOC,1,,,,,
133,AMOZOC,1,,,,,
134,AQUIXTLA,1,,,,,
139,ATEMPAN,1,,,,,
140,ATEMPAN,1,,,,,
143,ATEMPAN,1,,,,,
144,ATEMPAN,1,,,,,
145,ATEMPAN,1,,,,,
146,ATEMPAN,1,,,,,
154,ATLIXCO,1,,,,,
159,ATLIXCO,1,,,,,
160,ATLIXCO,1,,,,,
163,ATLIXCO,1,,,,,
164,ATLIXCO,1,,,,,
165,ATLIXCO,1,,,,,
168,ATLIXCO,1,,,,,
169,ATLIXCO,1,,,,,
170,ATLIXCO,1,,,,,
174,ATLIXCO,1,,,,,
185,ATLIXCO,1,,,,,
186,ATLIXCO,1,,,,,
201,ATLIXCO,1,,,,,
202,ATLIXCO,1,,,,,
207,ATLIXCO,1,,,,,
208,ATLIXCO,1,,,,,
212,ATLIXCO,1,,,,,
213,ATLIXCO,1,,,,,
215,ATLIXCO,1,,,,,
216,ATLIXCO,1,,,,,
222,ATOYATEMPAN,1,,,,,
223,ATOYATEMPAN,1,,,,,
248,CALPAN,1,,,,,
262,CA\ADA MORELOS,1,,,,,
265,CA\ADA MORELOS,1,,,,,
270,CA\ADA MORELOS,1,,,,,
283,CORONANGO,1,,,,,
284,CORONANGO,1,,,,,
285,CORONANGO,1,,,,,
286,CORONANGO,1,,,,,
289,CORONANGO,1,,,,,
290,CORONANGO,1,,,,,
291,CORONANGO,1,,,,,
292,CORONANGO,1,,,,,
293,CORONANGO,1,,,,,
300,COXCATLAN,1,,,,,
306,COYOMEAPAN,1,,,,,
317,CUAPIAXTLA DE MADERO,1,,,,,
318,CUAPIAXTLA DE MADERO,1,,,,,
319,CUAUTEMPAN,1,,,,,
320,CUAUTEMPAN,1,,,,,
323,CUAUTINCHAN,1,,,,,
324,CUAUTINCHAN,1,,,,,
325,CUAUTLANCINGO,1,,,,,
326,CUAUTLANCINGO,1,,,,,
327,CUAUTLANCINGO,1,,,,,
328,CUAUTLANCINGO,1,,,,,
329,CUAUTLANCINGO,1,,,,,
330,CUAUTLANCINGO,1,,,,,
331,CUAUTLANCINGO,1,,,,,
332,CUAUTLANCINGO,1,,,,,
333,CUAUTLANCINGO,1,,,,,
334,CUAUTLANCINGO,1,,,,,
336,CUAUTLANCINGO,1,,,,,
337,CUAUTLANCINGO,1,,,,,
338,CUAUTLANCINGO,1,,,,,
339,CUAUTLANCINGO,1,,,,,
349,CUETZALAN DEL PROGRESO,1,,,,,
352,CUETZALAN DEL PROGRESO,1,,,,,
354,CUETZALAN DEL PROGRESO,1,,,,,
355,CUETZALAN DEL PROGRESO,1,,,,,
359,CUETZALAN DEL PROGRESO,1,,,,,
365,CUYOACO,1,,,,,
367,CUYOACO,1,,,,,
371,CHALCHICOMULA DE SESMA,1,,,,,
372,CHALCHICOMULA DE SESMA,1,,,,,
373,CHALCHICOMULA DE SESMA,1,,,,,
374,CHALCHICOMULA DE SESMA,1,,,,,
379,CHALCHICOMULA DE SESMA,1,,,,,
380,CHALCHICOMULA DE SESMA,1,,,,,
386,CHALCHICOMULA DE SESMA,1,,,,,
395,CHAPULCO,1,,,,,
398,CHIAUTLA,1,,,,,
403,CHIAUTLA,1,,,,,
405,CHIAUTLA,1,,,,,
415,CHIAUTZINGO,1,,,,,
418,CHIAUTZINGO,1,,,,,
420,CHIAUTZINGO,1,,,,,
423,CHICONCUAUTLA,1,,,,,
424,CHICONCUAUTLA,1,,,,,
428,CHICONCUAUTLA,1,,,,,
430,CHICHIQUILA,1,,,,,
433,CHICHIQUILA,1,,,,,
435,CHICHIQUILA,1,,,,,
438,CHICHIQUILA,1,,,,,
441,CHIETLA,1,,,,,
444,CHIETLA,1,,,,,
450,CHIETLA,1,,,,,
453,CHIETLA,1,,,,,
458,CHIETLA,1,,,,,
461,CHIGNAHUAPAN,1,,,,,
462,CHIGNAHUAPAN,1,,,,,
463,CHIGNAHUAPAN,1,,,,,
464,CHIGNAHUAPAN,1,,,,,
466,CHIGNAHUAPAN,1,,,,,
467,CHIGNAHUAPAN,1,,,,,
468,CHIGNAHUAPAN,1,,,,,
470,CHIGNAHUAPAN,1,,,,,
482,CHIGNAHUAPAN,1,,,,,
483,CHIGNAHUAPAN,1,,,,,
486,CHIGNAHUAPAN,1,,,,,
488,CHIGNAHUAPAN,1,,,,,
489,CHIGNAUTLA,1,,,,,
490,CHIGNAUTLA,1,,,,,
491,CHIGNAUTLA,1,,,,,
492,CHIGNAUTLA,1,,,,,
493,CHIGNAUTLA,1,,,,,
494,CHIGNAUTLA,1,,,,,
495,CHIGNAUTLA,1,,,,,
504,HONEY,1,,,,,
505,CHILCHOTLA,1,,,,,
506,CHILCHOTLA,1,,,,,
509,CHILCHOTLA,1,,,,,
510,CHILCHOTLA,1,,,,,
516,DOMINGO ARENAS,1,,,,,
519,ELOXOCHITLAN,1,,,,,
525,EPATLAN,1,,,,,
529,ESPERANZA,1,,,,,
531,ESPERANZA,1,,,,,
535,FRANCISCO Z. MENA,1,,,,,
538,FRANCISCO Z. MENA,1,,,,,
544,GENERAL FELIPE ANGELES,1,,,,,
547,GENERAL FELIPE ANGELES,1,,,,,
548,GENERAL FELIPE ANGELES,1,,,,,
550,GENERAL FELIPE ANGELES,1,,,,,
551,GUADALUPE,1,,,,,
555,GUADALUPE VICTORIA,1,,,,,
556,GUADALUPE VICTORIA,1,,,,,
565,HERMENEGILDO GALEANA,1,,,,,
598,HUAUCHINANGO,1,,,,,
603,HUAUCHINANGO,1,,,,,
604,HUAUCHINANGO,1,,,,,
609,HUAUCHINANGO,1,,,,,
610,HUAUCHINANGO,1,,,,,
611,HUAUCHINANGO,1,,,,,
612,HUAUCHINANGO,1,,,,,
615,HUAUCHINANGO,1,,,,,
616,HUAUCHINANGO,1,,,,,
618,HUAUCHINANGO,1,,,,,
619,HUAUCHINANGO,1,,,,,
621,HUAUCHINANGO,1,,,,,
623,HUAUCHINANGO,1,,,,,
624,HUAUCHINANGO,1,,,,,
629,HUAUCHINANGO,1,,,,,
631,HUEHUETLA,1,,,,,
641,HUEHUETLAN EL CHICO,1,,,,,
651,HUEJOTZINGO,1,,,,,
652,HUEJOTZINGO,1,,,,,
653,HUEJOTZINGO,1,,,,,
654,HUEJOTZINGO,1,,,,,
656,HUEJOTZINGO,1,,,,,
657,HUEJOTZINGO,1,,,,,
659,HUEJOTZINGO,1,,,,,
660,HUEJOTZINGO,1,,,,,
661,HUEJOTZINGO,1,,,,,
662,HUEJOTZINGO,1,,,,,
663,HUEJOTZINGO,1,,,,,
664,HUEJOTZINGO,1,,,,,
665,HUEJOTZINGO,1,,,,,
666,HUEJOTZINGO,1,,,,,
667,HUEJOTZINGO,1,,,,,
668,HUEJOTZINGO,1,,,,,
670,HUEJOTZINGO,1,,,,,
672,HUEJOTZINGO,1,,,,,
674,HUEYAPAN,1,,,,,
677,HUEYAPAN,1,,,,,
678,HUEYTAMALCO,1,,,,,
682,HUEYTAMALCO,1,,,,,
687,HUEYTAMALCO,1,,,,,
690,HUEYTAMALCO,1,,,,,
695,HUEYTLALPAN,1,,,,,
696,HUITZILAN DE SERDAN,1,,,,,
698,HUITZILAN DE SERDAN,1,,,,,
700,HUITZILAN DE SERDAN,1,,,,,
709,IXCAQUIXTLA,1,,,,,
710,IXCAQUIXTLA,1,,,,,
716,IXTACAMAXTITLAN,1,,,,,
723,IXTACAMAXTITLAN,1,,,,,
727,IXTEPEC,1,,,,,
728,IXTEPEC,1,,,,,
732,IZUCAR DE MATAMOROS,1,,,,,
739,IZUCAR DE MATAMOROS,1,,,,,
740,IZUCAR DE MATAMOROS,1,,,,,
743,IZUCAR DE MATAMOROS,1,,,,,
744,IZUCAR DE MATAMOROS,1,,,,,
745,IZUCAR DE MATAMOROS,1,,,,,
746,IZUCAR DE MATAMOROS,1,,,,,
749,IZUCAR DE MATAMOROS,1,,,,,
752,IZUCAR DE MATAMOROS,1,,,,,
753,IZUCAR DE MATAMOROS,1,,,,,
758,IZUCAR DE MATAMOROS,1,,,,,
762,IZUCAR DE MATAMOROS,1,,,,,
765,JALPAN,1,,,,,
768,JALPAN,1,,,,,
770,JOLALPAN,1,,,,,
771,JOLALPAN,1,,,,,
779,JOPALA,1,,,,,
786,JUAN C. BONILLA,1,,,,,
787,JUAN C. BONILLA,1,,,,,
788,JUAN C. BONILLA,1,,,,,
789,JUAN C. BONILLA,1,,,,,
790,JUAN C. BONILLA,1,,,,,
791,JUAN C. BONILLA,1,,,,,
809,LIBRES,1,,,,,
810,LIBRES,1,,,,,
811,LIBRES,1,,,,,
815,LIBRES,1,,,,,
816,LIBRES,1,,,,,
819,LIBRES,1,,,,,
838,NEALTICAN,1,,,,,
839,NEALTICAN,1,,,,,
840,NEALTICAN,1,,,,,
841,NEALTICAN,1,,,,,
844,NICOLAS BRAVO,1,,,,,
846,NOPALUCAN,1,,,,,
847,NOPALUCAN,1,,,,,
1151,PUEBLA,2,,,,,
1152,PUEBLA,2,,,,,
1153,PUEBLA,2,,,,,
1154,PUEBLA,2,,,,,
1155,PUEBLA,2,,,,,
1156,PUEBLA,2,,,,,
1157,PUEBLA,2,,,,,
1158,PUEBLA,2,,,,,
1159,PUEBLA,2,,,,,
1160,PUEBLA,2,,,,,
1161,PUEBLA,2,,,,,
1162,PUEBLA,2,,,,,
1163,PUEBLA,2,,,,,
1164,PUEBLA,2,,,,,
1165,PUEBLA,2,,,,,
1166,PUEBLA,2,,,,,
1167,PUEBLA,2,,,,,
1168,PUEBLA,2,,,,,
1169,PUEBLA,2,,,,,
1170,PUEBLA,2,,,,,
1171,PUEBLA,2,,,,,
1172,PUEBLA,2,,,,,
1173,PUEBLA,2,,,,,
1174,PUEBLA,2,,,,,
1175,PUEBLA,2,,,,,
1176,PUEBLA,2,,,,,
1177,PUEBLA,2,,,,,
1178,PUEBLA,2,,,,,
1179,PUEBLA,2,,,,,
1180,PUEBLA,2,,,,,
1181,PUEBLA,2,,,,,
1182,PUEBLA,2,,,,,
1183,PUEBLA,2,,,,,
1184,PUEBLA,2,,,,,
1185,PUEBLA,2,,,,,
1186,PUEBLA,2,,,,,
1187,PUEBLA,2,,,,,
1188,PUEBLA,2,,,,,
1189,PUEBLA,2,,,,,
1190,PUEBLA,2,,,,,
1191,PUEBLA,2,,,,,
1192,PUEBLA,2,,,,,
1193,PUEBLA,2,,,,,
1194,PUEBLA,2,,,,,
1195,PUEBLA,2,,,,,
1196,PUEBLA,2,,,,,
1197,PUEBLA,2,,,,,
1198,PUEBLA,2,,,,,
1199,PUEBLA,2,,,,,
1200,PUEBLA,2,,,,,
1201,PUEBLA,2,,,,,
1202,PUEBLA,2,,,,,
1203,PUEBLA,2,,,,,
1204,PUEBLA,2,,,,,
1205,PUEBLA,2,,,,,
1206,PUEBLA,2,,,,,
1207,PUEBLA,2,,,,,
1208,PUEBLA,2,,,,,
1209,PUEBLA,2,,,,,
1210,PUEBLA,2,,,,,
1211,PUEBLA,2,,,,,
1212,PUEBLA,2,,,,,
1213,PUEBLA,2,,,,,
1214,PUEBLA,2,,,,,
1215,PUEBLA,2,,,,,
1216,PUEBLA,2,,,,,
1217,PUEBLA,2,,,,,
1218,PUEBLA,2,,,,,
1219,PUEBLA,2,,,,,
1220,PUEBLA,2,,,,,
1221,PUEBLA,2,,,,,
1222,PUEBLA,2,,,,,
1223,PUEBLA,2,,,,,
1224,PUEBLA,2,,,,,
1225,PUEBLA,2,,,,,
1226,PUEBLA,2,,,,,
1227,PUEBLA,2,,,,,
1228,PUEBLA,2,,,,,
1229,PUEBLA,2,,,,,
1230,PUEBLA,2,,,,,
1231,PUEBLA,2,,,,,
1232,PUEBLA,2,,,,,
1233,PUEBLA,2,,,,,
1234,PUEBLA ( ELIMINADA ),2,,,,,
1235,PUEBLA,2,,,,,
1236,PUEBLA,2,,,,,
1237,PUEBLA,2,,,,,
1238,PUEBLA,2,,,,,
1239,PUEBLA,2,,,,,
1240,PUEBLA,2,,,,,
1241,PUEBLA,2,,,,,
1242,PUEBLA,2,,,,,
1243,PUEBLA,2,,,,,
1244,PUEBLA,2,,,,,
1245,PUEBLA,2,,,,,
1246,PUEBLA,2,,,,,
1247,PUEBLA ( ELIMINADA ),2,,,,,
1248,PUEBLA,2,,,,,
1249,PUEBLA,2,,,,,
1250,PUEBLA  ( ELIMINADA ),2,,,,,
1251,PUEBLA,2,,,,,
1252,PUEBLA,2,,,,,
1253,PUEBLA,2,,,,,
1254,PUEBLA,2,,,,,
1255,PUEBLA,2,,,,,
1256,PUEBLA,2,,,,,
1257,PUEBLA,2,,,,,
1258,PUEBLA,2,,,,,
1259,PUEBLA,2,,,,,
1260,PUEBLA,2,,,,,
1261,PUEBLA,2,,,,,
1262,PUEBLA,2,,,,,
1263,PUEBLA,2,,,,,
1264,PUEBLA,2,,,,,
1265,PUEBLA,2,,,,,
1266,PUEBLA,2,,,,,
1267,PUEBLA,2,,,,,
1268,PUEBLA,2,,,,,
1269,PUEBLA,2,,,,,
1270,PUEBLA,2,,,,,
1271,PUEBLA,2,,,,,
1272,PUEBLA,2,,,,,
1273,PUEBLA,2,,,,,
1274,PUEBLA,2,,,,,
1275,PUEBLA,2,,,,,
1276,PUEBLA,2,,,,,
1277,PUEBLA,2,,,,,
1278,PUEBLA,2,,,,,
1279,PUEBLA,2,,,,,
1280,PUEBLA,2,,,,,
1281,PUEBLA,2,,,,,
1282,PUEBLA,2,,,,,
1283,PUEBLA,2,,,,,
1284,PUEBLA,2,,,,,
1285,PUEBLA,2,,,,,
1286,PUEBLA,2,,,,,
1287,PUEBLA,2,,,,,
1288,PUEBLA,2,,,,,
1289,PUEBLA,2,,,,,
1290,PUEBLA,2,,,,,
1291,PUEBLA,2,,,,,
1292,PUEBLA,2,,,,,
1293,PUEBLA,2,,,,,
1294,PUEBLA,2,,,,,
1295,PUEBLA,2,,,,,
1296,PUEBLA,2,,,,,
1297,PUEBLA,2,,,,,
1298,PUEBLA,2,,,,,
1299,PUEBLA,2,,,,,
1300,PUEBLA,2,,,,,
1301,PUEBLA,2,,,,,
1302,PUEBLA,2,,,,,
1303,PUEBLA,2,,,,,
1304,PUEBLA,2,,,,,
1305,PUEBLA,2,,,,,
1306,PUEBLA,2,,,,,
1307,PUEBLA,2,,,,,
1308,PUEBLA,2,,,,,
1309,PUEBLA,2,,,,,
1310,PUEBLA,2,,,,,
1311,PUEBLA,2,,,,,
1312,PUEBLA,2,,,,,
1313,PUEBLA,2,,,,,
1314,PUEBLA,2,,,,,
1315,PUEBLA,2,,,,,
1316,PUEBLA,2,,,,,
1317,PUEBLA,2,,,,,
1318,PUEBLA,2,,,,,
1319,PUEBLA,2,,,,,
1320,PUEBLA,2,,,,,
1321,PUEBLA,2,,,,,
1322,PUEBLA,2,,,,,
1323,PUEBLA,2,,,,,
1324,PUEBLA,2,,,,,
1325,PUEBLA,2,,,,,
1326,PUEBLA,2,,,,,
1327,PUEBLA,2,,,,,
1328,PUEBLA,2,,,,,
1329,PUEBLA,2,,,,,
1330,PUEBLA,2,,,,,
1331,PUEBLA,2,,,,,
1332,PUEBLA,2,,,,,
1333,PUEBLA,2,,,,,
1334,PUEBLA,2,,,,,
1335,PUEBLA,2,,,,,
1336,PUEBLA,2,,,,,
1337,PUEBLA,2,,,,,
1338,PUEBLA,2,,,,,
1339,PUEBLA,2,,,,,
1340,PUEBLA,2,,,,,
1341,PUEBLA,2,,,,,
1342,PUEBLA,2,,,,,
1343,PUEBLA,2,,,,,
1344,PUEBLA,2,,,,,
1345,PUEBLA,2,,,,,
1346,PUEBLA,2,,,,,
1347,PUEBLA,2,,,,,
1348,PUEBLA,2,,,,,
1349,PUEBLA,2,,,,,
1350,PUEBLA,2,,,,,
1351,PUEBLA,2,,,,,
1352,PUEBLA,2,,,,,
1353,PUEBLA,2,,,,,
1354,PUEBLA,2,,,,,
1355,PUEBLA,2,,,,,
1356,PUEBLA,2,,,,,
1357,PUEBLA,2,,,,,
1358,PUEBLA,2,,,,,
1359,PUEBLA,2,,,,,
1360,PUEBLA,2,,,,,
1361,PUEBLA,2,,,,,
1362,PUEBLA,2,,,,,
1363,PUEBLA,2,,,,,
1364,PUEBLA,2,,,,,
1365,PUEBLA,2,,,,,
1366,PUEBLA,2,,,,,
1367,PUEBLA,2,,,,,
1368,PUEBLA,2,,,,,
1369,PUEBLA,2,,,,,
1370,PUEBLA,2,,,,,
1371,PUEBLA,2,,,,,
1372,PUEBLA,2,,,,,
1373,PUEBLA,2,,,,,
1374,PUEBLA,2,,,,,
1375,PUEBLA,2,,,,,
1376,PUEBLA,2,,,,,
1377,PUEBLA,2,,,,,
1378,PUEBLA,2,,,,,
1379,PUEBLA,2,,,,,
1380,PUEBLA,2,,,,,
1381,PUEBLA,2,,,,,
1382,PUEBLA,2,,,,,
1383,PUEBLA,2,,,,,
1384,PUEBLA,2,,,,,
1385,PUEBLA,2,,,,,
1386,PUEBLA,2,,,,,
1387,PUEBLA,2,,,,,
1388,PUEBLA,2,,,,,
1389,PUEBLA,2,,,,,
1390,PUEBLA,2,,,,,
1391,PUEBLA,2,,,,,
1392,PUEBLA,2,,,,,
1393,PUEBLA,2,,,,,
1394,PUEBLA,2,,,,,
1395,PUEBLA,2,,,,,
1396,PUEBLA,2,,,,,
1397,PUEBLA,2,,,,,
1398,PUEBLA,2,,,,,
1399,PUEBLA,2,,,,,
1400,PUEBLA,2,,,,,
1401,PUEBLA,2,,,,,
1402,PUEBLA,2,,,,,
1403,PUEBLA,2,,,,,
1404,PUEBLA,2,,,,,
1405,PUEBLA,2,,,,,
1406,PUEBLA,2,,,,,
1407,PUEBLA  ( ELIMINADA ),2,,,,,
1408,PUEBLA,2,,,,,
1409,PUEBLA,2,,,,,
1410,PUEBLA,2,,,,,
1411,PUEBLA,2,,,,,
1412,PUEBLA,2,,,,,
1413,PUEBLA,2,,,,,
1414,PUEBLA,2,,,,,
1415,PUEBLA,2,,,,,
1416,PUEBLA,2,,,,,
1417,PUEBLA,2,,,,,
1418,PUEBLA,2,,,,,
1419,PUEBLA,2,,,,,
1420,PUEBLA,2,,,,,
1421,PUEBLA,2,,,,,
1422,PUEBLA,2,,,,,
1423,PUEBLA,2,,,,,
1424,PUEBLA,2,,,,,
1425,PUEBLA,2,,,,,
1426,PUEBLA,2,,,,,
1427,PUEBLA,2,,,,,
1428,PUEBLA,2,,,,,
1429,PUEBLA,2,,,,,
1430,PUEBLA,2,,,,,
1431,PUEBLA,2,,,,,
1432,PUEBLA,2,,,,,
1433,PUEBLA,2,,,,,
1434,PUEBLA,2,,,,,
1435,PUEBLA,2,,,,,
1436,PUEBLA,2,,,,,
1437,PUEBLA,2,,,,,
1438,PUEBLA,2,,,,,
1439,PUEBLA,2,,,,,
1440,PUEBLA,2,,,,,
1441,PUEBLA,2,,,,,
1442,PUEBLA,2,,,,,
1443,PUEBLA,2,,,,,
1444,PUEBLA,2,,,,,
1445,PUEBLA,2,,,,,
1446,PUEBLA,2,,,,,
1447,PUEBLA,2,,,,,
1448,PUEBLA,2,,,,,
1449,PUEBLA,2,,,,,
1450,PUEBLA,2,,,,,
1451,PUEBLA,2,,,,,
1452,PUEBLA,2,,,,,
1453,PUEBLA,2,,,,,
1454,PUEBLA,2,,,,,
1455,PUEBLA,2,,,,,
1456,PUEBLA,2,,,,,
1457,PUEBLA,2,,,,,
1458,PUEBLA,2,,,,,
1459,PUEBLA,2,,,,,
1460,PUEBLA,2,,,,,
1461,PUEBLA,2,,,,,
1462,PUEBLA,2,,,,,
1463,PUEBLA,2,,,,,
1464,PUEBLA,2,,,,,
1465,PUEBLA,2,,,,,
1466,PUEBLA,2,,,,,
1467,PUEBLA,2,,,,,
1468,PUEBLA,2,,,,,
1469,PUEBLA,2,,,,,
1470,PUEBLA,2,,,,,
1471,PUEBLA,2,,,,,
1472,PUEBLA,2,,,,,
1473,PUEBLA,2,,,,,
1474,PUEBLA,2,,,,,
1475,PUEBLA,2,,,,,
1476,PUEBLA,2,,,,,
1477,PUEBLA,2,,,,,
1478,PUEBLA,2,,,,,
1479,PUEBLA,2,,,,,
1480,PUEBLA,2,,,,,
1481,PUEBLA,2,,,,,
1482,PUEBLA,2,,,,,
1483,PUEBLA,2,,,,,
1484,PUEBLA,2,,,,,
1485,PUEBLA,2,,,,,
1486,PUEBLA,2,,,,,
1487,PUEBLA,2,,,,,
1488,PUEBLA,2,,,,,
1489,PUEBLA,2,,,,,
1490,PUEBLA,2,,,,,
1491,PUEBLA,2,,,,,
1492,PUEBLA,2,,,,,
1493,PUEBLA,2,,,,,
1494,PUEBLA,2,,,,,
1495,PUEBLA,2,,,,,
1496,PUEBLA,2,,,,,
1497,PUEBLA,2,,,,,
1498,PUEBLA,2,,,,,
1499,PUEBLA,2,,,,,
1500,PUEBLA,2,,,,,
1501,PUEBLA,2,,,,,
1502,PUEBLA,2,,,,,
1503,PUEBLA,2,,,,,
1504,PUEBLA,2,,,,,
1505,PUEBLA,2,,,,,
2371,XICOTEPEC,3,,,,,
2372,XICOTEPEC,3,,,,,
2373,XICOTEPEC,3,,,,,
2374,XICOTEPEC,3,,,,,
2375,XICOTEPEC,3,,,,,
2376,XICOTEPEC,3,,,,,
2377,XICOTEPEC,3,,,,,
2378,XICOTEPEC,3,,,,,
2379,XICOTEPEC,3,,,,,
2380,XICOTEPEC,3,,,,,
2381,XICOTEPEC,3,,,,,
2382,XICOTEPEC,3,,,,,
2383,XICOTEPEC,3,,,,,
2384,XICOTEPEC,3,,,,,
2385,XICOTEPEC,3,,,,,
2386,XICOTEPEC,3,,,,,
2387,XICOTEPEC,3,,,,,
2388,XICOTEPEC,3,,,,,
2389,XICOTEPEC,3,,,,,
2390,XICOTEPEC,3,,,,,
2391,XICOTLAN,3,,,,,
2392,XICOTLAN,3,,,,,
2393,XIUTETELCO,3,,,,,
2394,XIUTETELCO,3,,,,,
2395,XIUTETELCO,3,,,,,
2396,XIUTETELCO,3,,,,,
2397,XIUTETELCO,3,,,,,
2398,XIUTETELCO,3,,,,,
2399,XIUTETELCO,3,,,,,
2400,XIUTETELCO,3,,,,,
2401,XIUTETELCO,3,,,,,
2402,XIUTETELCO,3,,,,,
2403,XIUTETELCO,3,,,,,
2404,XIUTETELCO,3,,,,,
2405,XOCHIAPULCO,3,,,,,
2406,XOCHIAPULCO,3,,,,,
2407,XOCHILTEPEC,3,,,,,
2408,XOCHILTEPEC,3,,,,,
2409,XOCHITLAN DE VICENTE SUAREZ,3,,,,,
2410,XOCHITLAN DE VICENTE SUAREZ,3,,,,,
2411,XOCHITLAN DE VICENTE SUAREZ,3,,,,,
2412,XOCHITLAN DE VICENTE SUAREZ,3,,,,,
2413,XOCHITLAN TODOS SANTOS,3,,,,,
2414,XOCHITLAN TODOS SANTOS,3,,,,,
2415,XOCHITLAN TODOS SANTOS,3,,,,,
2416,YAONAHUAC,3,,,,,
2417,YAONAHUAC,3,,,,,
2418,YAONAHUAC,3,,,,,
2419,YAONAHUAC,3,,,,,
2420,YEHUALTEPEC,3,,,,,
2421,YEHUALTEPEC,3,,,,,
2422,YEHUALTEPEC,3,,,,,
2423,YEHUALTEPEC,3,,,,,
2424,YEHUALTEPEC,3,,,,,
2425,YEHUALTEPEC,3,,,,,
2426,YEHUALTEPEC,3,,,,,
2427,YEHUALTEPEC,3,,,,,
2428,YEHUALTEPEC,3,,,,,
2429,ZACAPALA,3,,,,,
2430,ZACAPALA,3,,,,,
2431,ZACAPALA,3,,,,,
2432,ZACAPALA,3,,,,,
2433,ZACAPOAXTLA,3,,,,,
2434,ZACAPOAXTLA,3,,,,,
2435,ZACAPOAXTLA,3,,,,,
2436,ZACAPOAXTLA,3,,,,,
2437,ZACAPOAXTLA,3,,,,,
2438,ZACAPOAXTLA,3,,,,,
2439,ZACAPOAXTLA,3,,,,,
2440,ZACAPOAXTLA,3,,,,,
2441,ZACAPOAXTLA,3,,,,,
2442,ZACAPOAXTLA,3,,,,,
2443,ZACAPOAXTLA,3,,,,,
2444,ZACAPOAXTLA,3,,,,,
2445,ZACAPOAXTLA,3,,,,,
2446,ZACAPOAXTLA,3,,,,,
2447,ZACAPOAXTLA,3,,,,,
2448,ZACAPOAXTLA,3,,,,,
2449,ZACAPOAXTLA,3,,,,,
2450,ZACAPOAXTLA,3,,,,,
2451,ZACAPOAXTLA,3,,,,,
2452,ZACAPOAXTLA,3,,,,,
2453,ZACAPOAXTLA,3,,,,,
2454,ZACAPOAXTLA,3,,,,,
2455,ZACAPOAXTLA,3,,,,,
2456,ZACAPOAXTLA,3,,,,,
2457,ZACAPOAXTLA,3,,,,,
2458,ZACAPOAXTLA,3,,,,,
2459,ZACAPOAXTLA,3,,,,,
2460,ZACATLAN,3,,,,,
2461,ZACATLAN,3,,,,,
2462,ZACATLAN,3,,,,,
2463,ZACATLAN,3,,,,,
2464,ZACATLAN,3,,,,,
2465,ZACATLAN,3,,,,,
2466,ZACATLAN,3,,,,,
2467,ZACATLAN,3,,,,,
2468,ZACATLAN,3,,,,,
2469,ZACATLAN,3,,,,,
2470,ZACATLAN,3,,,,,
2471,ZACATLAN,3,,,,,
2472,ZACATLAN,3,,,,,
2473,ZACATLAN,3,,,,,
2474,ZACATLAN,3,,,,,
2475,ZACATLAN,3,,,,,
2476,ZACATLAN,3,,,,,
2477,ZACATLAN,3,,,,,
2478,ZACATLAN,3,,,,,
2479,ZACATLAN,3,,,,,
2480,ZACATLAN,3,,,,,
2481,ZACATLAN,3,,,,,
2482,ZACATLAN,3,,,,,
2483,ZACATLAN,3,,,,,
2484,ZACATLAN,3,,,,,
2485,ZACATLAN,3,,,,,
2486,ZACATLAN,3,,,,,
2487,ZACATLAN,3,,,,,
2488,ZACATLAN,3,,,,,
2489,ZACATLAN,3,,,,,
2490,ZAPOTITLAN,3,,,,,
2491,ZAPOTITLAN,3,,,,,
2492,ZAPOTITLAN,3,,,,,
2493,ZAPOTITLAN,3,,,,,
2494,ZAPOTITLAN,3,,,,,
2495,ZAPOTITLAN,3,,,,,
2496,ZAPOTITLAN,3,,,,,
2497,ZAPOTITLAN,3,,,,,
2498,ZAPOTITLAN,3,,,,,
2499,ZAPOTITLAN DE MENDEZ,3,,,,,
2500,ZAPOTITLAN DE MENDEZ,3,,,,,
2501,ZAPOTITLAN DE MENDEZ,3,,,,,
2502,ZARAGOZA,3,,,,,
2503,ZARAGOZA,3,,,,,
2504,ZARAGOZA,3,,,,,
2505,ZARAGOZA,3,,,,,
2506,ZARAGOZA,3,,,,,
2507,ZARAGOZA,3,,,,,
2508,ZAUTLA,3,,,,,
2509,ZAUTLA,3,,,,,
2510,ZAUTLA,3,,,,,
2511,ZAUTLA,3,,,,,
2512,ZAUTLA,3,,,,,
2513,ZAUTLA,3,,,,,
2514,ZAUTLA,3,,,,,
2515,ZAUTLA,3,,,,,
2516,ZAUTLA,3,,,,,
2517,ZAUTLA,3,,,,,
2518,ZAUTLA,3,,,,,
2519,ZAUTLA,3,,,,,
2520,ZIHUATEUTLA,3,,,,,
2521,ZIHUATEUTLA,3,,,,,
2522,ZIHUATEUTLA,3,,,,,
2523,ZIHUATEUTLA,3,,,,,
2524,ZIHUATEUTLA,3,,,,,
2525,ZIHUATEUTLA,3,,,,,
2526,ZIHUATEUTLA,3,,,,,
2527,ZINACATEPEC,3,,,,,
2528,ZINACATEPEC,3,,,,,
2529,ZINACATEPEC,3,,,,,
2530,ZINACATEPEC,3,,,,,
2531,ZINACATEPEC,3,,,,,
2532,ZINACATEPEC,3,,,,,
2533,ZONGOZOTLA,3,,,,,
2534,ZONGOZOTLA,3,,,,,
2535,ZOQUIAPAN,3,,,,,
2536,ZOQUIAPAN,3,,,,,
2537,ZOQUITLAN,3,,,,,
2538,ZOQUITLAN,3,,,,,
2539,ZOQUITLAN,3,,,,,
2540,ZOQUITLAN,3,,,,,
2541,ZOQUITLAN,3,,,,,
2542,ZOQUITLAN,3,,,,,
2543,ZOQUITLAN,3,,,,,
2544,ZOQUITLAN,3,,,,,
2545,ZOQUITLAN,3,,,,,
2546,ZOQUITLAN,3,,,,,
2547,ZOQUITLAN,3,,,,,
2548,ZOQUITLAN,3,,,,,
2549,CUAUTLANCINGO,3,,,,,
2550,PUEBLA,3,,,,,
2551,PUEBLA,3,,,,,
2552,PUEBLA,3,,,,,
2553,PUEBLA,3,,,,,
2554,PUEBLA,3,,,,,
2555,PUEBLA,3,,,,,
2556,PUEBLA,3,,,,,
2557,PUEBLA,3,,,,,
2558,PUEBLA,3,,,,,
2559,PUEBLA,3,,,,,
2560,PUEBLA,3,,,,,
2561,PUEBLA,3,,,,,
2562,PUEBLA,3,,,,,
2563,PUEBLA,3,,,,,
2564,PUEBLA,3,,,,,
2565,PUEBLA,3,,,,,
2566,PUEBLA,3,,,,,
2567,PUEBLA,3,,,,,
2568,PUEBLA,3,,,,,
2569,PUEBLA,3,,,,,
2570,PUEBLA,3,,,,,
2571,PUEBLA,3,,,,,
2572,PUEBLA,3,,,,,
2573,PUEBLA,3,,,,,
2574,PUEBLA,3,,,,,
2575,PUEBLA,3,,,,,
2576,PUEBLA,3,,,,,
2577,PUEBLA,3,,,,,
2578,PUEBLA,3,,,,,
2579,PUEBLA,3,,,,,
2580,PUEBLA,3,,,,,
2581,PUEBLA,3,,,,,
2582,PUEBLA,3,,,,,
2583,PUEBLA,3,,,,,
2584,PUEBLA,3,,,,,
2585,PUEBLA,3,,,,,
2586,PUEBLA,3,,,,,
2587,PUEBLA,3,,,,,
2588,PUEBLA,3,,,,,
2589,PUEBLA,3,,,,,
2590,PUEBLA,3,,,,,
2591,PUEBLA,3,,,,,
2592,PUEBLA,3,,,,,
2593,PUEBLA,3,,,,,
2594,PUEBLA,3,,,,,
2595,PUEBLA,3,,,,,
2596,PUEBLA,3,,,,,
2597,PUEBLA,3,,,,,
2598,PUEBLA,3,,,,,
2599,PUEBLA,3,,,,,
2600,PUEBLA,3,,,,,
2601,PUEBLA,3,,,,,
2602,PUEBLA,3,,,,,
2603,PUEBLA,3,,,,,
2604,PUEBLA,3,,,,,
2605,PUEBLA,3,,,,,
2606,PUEBLA,3,,,,,
2607,PUEBLA,3,,,,,
2608,PUEBLA,3,,,,,
2609,PUEBLA,3,,,,,
2610,PUEBLA,3,,,,,
2611,PUEBLA,3,,,,,
2612,PUEBLA,3,,,,,
2613,PUEBLA,3,,,,,
2614,PUEBLA,3,,,,,
2615,PUEBLA,3,,,,,
2616,PUEBLA,3,,,,,
2617,PUEBLA,3,,,,,
2618,PUEBLA,3,,,,,
2619,PUEBLA,3,,,,,
2620,PUEBLA,3,,,,,
2621,PUEBLA,3,,,,,
2622,PUEBLA,3,,,,,
2623,PUEBLA,3,,,,,
2624,PUEBLA,3,,,,,
2625,PUEBLA,3,,,,,
2626,PUEBLA,3,,,,,
2627,PUEBLA,3,,,,,
2628,PUEBLA,3,,,,,
2629,PUEBLA,3,,,,,
2630,PUEBLA,3,,,,,
2631,PUEBLA,3,,,,,
2632,PUEBLA,3,,,,,
2633,SAN ANDRES CHOLULA,3,,,,,
2634,SAN ANDRES CHOLULA,3,,,,,
2635,SAN ANDRES CHOLULA,3,,,,,
2636,SAN ANDRES CHOLULA,3,,,,,
2637,SAN ANDRES CHOLULA,3,,,,,
2638,SAN ANDRES CHOLULA,3,,,,,
2639,SAN ANDRES CHOLULA,3,,,,,
2640,SAN ANDRES CHOLULA,3,,,,,
2641,SAN ANDRES CHOLULA,3,,,,,
2642,SAN ANDRES CHOLULA,3,,,,,
2643,PUEBLA,3,,,,,
2644,SAN ANDRES CHOLULA,3,,,,,
2645,SAN ANDRES CHOLULA,3,,,,,
2646,SAN ANDRES CHOLULA,3,,,,,
2647,SAN ANDRES CHOLULA,3,,,,,
2648,PUEBLA,3,,,,,
2649,PUEBLA,3,,,,,
2650,PUEBLA,3,,,,,
2651,PUEBLA,3,,,,,
2652,PUEBLA,3,,,,,
2653,PUEBLA,3,,,,,
2654,PUEBLA,3,,,,,
2655,PUEBLA,3,,,,,
2656,PUEBLA,3,,,,,
2657,PUEBLA,3,,,,,
2658,PUEBLA,3,,,,,
2659,SAN ANDRES CHOLULA,3,,,,,
2660,SAN ANDRES CHOLULA,3,,,,,
2661,SAN ANDRES CHOLULA,3,,,,,
2662,SAN ANDRES CHOLULA,3,,,,,
2663,PUEBLA,3,,,,,