SECCION,MUNICIPIO,JA
1492,Puebla,Ignacio Zaragoza
1550,Puebla,Ignacio Zaragoza
1551,Puebla,Ignacio Zaragoza
1569,Puebla,Ignacio Zaragoza
1550,Puebla,Ignacio Zaragoza
1551,Puebla,Ignacio Zaragoza
1568,Puebla,Ignacio Zaragoza
1569,Puebla,Ignacio Zaragoza
1581,Puebla,Ignacio Zaragoza
1583,Puebla,Ignacio Zaragoza
1591,Puebla,Ignacio Zaragoza
1054,Puebla,Ignacio Zaragoza
1465,Puebla,Ignacio Zaragoza
1551,Puebla,Ignacio Zaragoza
1582,Puebla,Ignacio Zaragoza
1461,Puebla,Ignacio Zaragoza
1466,Puebla,Ignacio Zaragoza
1467,Puebla,Ignacio Zaragoza
1468,Puebla,Ignacio Zaragoza
1485,Puebla,Ignacio Zaragoza
1486,Puebla,Ignacio Zaragoza
1487,Puebla,Ignacio Zaragoza
1488,Puebla,Ignacio Zaragoza
1552,Puebla,Ignacio Zaragoza
1582,Puebla,Ignacio Zaragoza
1603,Puebla,Ignacio Zaragoza
1605,Puebla,Ignacio Zaragoza
1588,Puebla,Ignacio Zaragoza
1594,Puebla,Ignacio Zaragoza
1603,Puebla,Ignacio Zaragoza
1605,Puebla,Ignacio Zaragoza
1582,Puebla,Ignacio Zaragoza
2792,Puebla,Ignacio Zaragoza
2793,Puebla,Ignacio Zaragoza
1485,Puebla,Ignacio Zaragoza
1485,Puebla,Ignacio Zaragoza
1494,Puebla,Ignacio Zaragoza
1523,Puebla,Ignacio Zaragoza
2756,Puebla,Ignacio Zaragoza
1594,Puebla,Ignacio Zaragoza
1598,Puebla,Ignacio Zaragoza
2792,Puebla,Ignacio Zaragoza
2793,Puebla,Ignacio Zaragoza
1459,Puebla,Ignacio Zaragoza
1524,Puebla,Ignacio Zaragoza
1525,Puebla,Ignacio Zaragoza
1483,Puebla,Ignacio Zaragoza
1484,Puebla,Ignacio Zaragoza
1534,Puebla,Ignacio Zaragoza
2756,Puebla,Ignacio Zaragoza
1495,Puebla,Ignacio Zaragoza
1496,Puebla,Ignacio Zaragoza
1497,Puebla,Ignacio Zaragoza
1008,Puebla,Ignacio Zaragoza
1525,Puebla,Ignacio Zaragoza
1565,Puebla,Ignacio Zaragoza
1524,Puebla,Ignacio Zaragoza
1498,Puebla,Ignacio Zaragoza
1519,Puebla,Ignacio Zaragoza
1520,Puebla,Ignacio Zaragoza
1521,Puebla,Ignacio Zaragoza
1522,Puebla,Ignacio Zaragoza
1523,Puebla,Ignacio Zaragoza
1526,Puebla,Ignacio Zaragoza
1524,Puebla,Ignacio Zaragoza
1525,Puebla,Ignacio Zaragoza
1526,Puebla,Ignacio Zaragoza
1527,Puebla,Ignacio Zaragoza
1482,Puebla,Ignacio Zaragoza
1498,Puebla,Ignacio Zaragoza
1524,Puebla,Ignacio Zaragoza
1552,Puebla,Ignacio Zaragoza
1552,Puebla,Ignacio Zaragoza
1552,Puebla,Ignacio Zaragoza
1499,Puebla,Ignacio Zaragoza
1514,Puebla,Ignacio Zaragoza
1515,Puebla,Ignacio Zaragoza
1516,Puebla,Ignacio Zaragoza
1517,Puebla,Ignacio Zaragoza
1518,Puebla,Ignacio Zaragoza
1519,Puebla,Ignacio Zaragoza
1520,Puebla,Ignacio Zaragoza
1528,Puebla,Ignacio Zaragoza
1529,Puebla,Ignacio Zaragoza
1530,Puebla,Ignacio Zaragoza
1531,Puebla,Ignacio Zaragoza
1532,Puebla,Ignacio Zaragoza
1538,Puebla,Ignacio Zaragoza
1539,Puebla,Ignacio Zaragoza
1540,Puebla,Ignacio Zaragoza
1553,Puebla,Ignacio Zaragoza
1520,Puebla,Ignacio Zaragoza
1521,Puebla,Ignacio Zaragoza
1552,Puebla,Ignacio Zaragoza
1552,Puebla,Ignacio Zaragoza
1552,Puebla,Ignacio Zaragoza
1567,Puebla,Ignacio Zaragoza
1552,Puebla,Ignacio Zaragoza
1552,Puebla,Ignacio Zaragoza
1552,Puebla,Ignacio Zaragoza
1552,Puebla,Ignacio Zaragoza
336,Puebla,Ignacio Romero Vargas
947,Puebla,Ignacio Romero Vargas
948,Puebla,Ignacio Romero Vargas
949,Puebla,Ignacio Romero Vargas
949,Puebla,Ignacio Romero Vargas
950,Puebla,Ignacio Romero Vargas
950,Puebla,Ignacio Romero Vargas
950,Puebla,Ignacio Romero Vargas
950,Puebla,Ignacio Romero Vargas
951,Puebla,Ignacio Romero Vargas
951,Puebla,Ignacio Romero Vargas
952,Puebla,Ignacio Romero Vargas
976,Puebla,Ignacio Romero Vargas
977,Puebla,Ignacio Romero Vargas
977,Puebla,Ignacio Romero Vargas
977,Puebla,Ignacio Romero Vargas
978,Puebla,Ignacio Romero Vargas
978,Puebla,Ignacio Romero Vargas
1007,Puebla,Ignacio Romero Vargas
1007,Puebla,Ignacio Romero Vargas
1008,Puebla,Ignacio Romero Vargas
1008,Puebla,Ignacio Romero Vargas
1027,Puebla,Ignacio Romero Vargas
1028,Puebla,Ignacio Romero Vargas
1070,Puebla,Ignacio Romero Vargas
1093,Puebla,Ignacio Romero Vargas
1093,Puebla,Ignacio Romero Vargas
1093,Puebla,Ignacio Romero Vargas
1093,Puebla,Ignacio Romero Vargas
1093,Puebla,Ignacio Romero Vargas
1093,Puebla,Ignacio Romero Vargas
1093,Puebla,Ignacio Romero Vargas
1094,Puebla,Ignacio Romero Vargas
1095,Puebla,Ignacio Romero Vargas
1095,Puebla,Ignacio Romero Vargas
1096,Puebla,Ignacio Romero Vargas
1096,Puebla,Ignacio Romero Vargas
1096,Puebla,Ignacio Romero Vargas
1096,Puebla,Ignacio Romero Vargas
1124,Puebla,Ignacio Romero Vargas
1128,Puebla,Ignacio Romero Vargas
1128,Puebla,Ignacio Romero Vargas
1128,Puebla,Ignacio Romero Vargas
1129,Puebla,Ignacio Romero Vargas
1129,Puebla,Ignacio Romero Vargas
1328,Puebla,Ignacio Romero Vargas
1329,Puebla,Ignacio Romero Vargas
1348,Puebla,Ignacio Romero Vargas
1349,Puebla,Ignacio Romero Vargas
1350,Puebla,Ignacio Romero Vargas
1351,Puebla,Ignacio Romero Vargas
1367,Puebla,Ignacio Romero Vargas
1368,Puebla,Ignacio Romero Vargas
1369,Puebla,Ignacio Romero Vargas
1376,Puebla,Ignacio Romero Vargas
1378,Puebla,Ignacio Romero Vargas
1411,Puebla,Ignacio Romero Vargas
2782,Puebla,Ignacio Romero Vargas
2783,Puebla,Ignacio Romero Vargas
2783,Puebla,Ignacio Romero Vargas
944,Puebla,La Libertad
945,Puebla,La Libertad
946,Puebla,La Libertad
953,Puebla,La Libertad
954,Puebla,La Libertad
955,Puebla,La Libertad
974,Puebla,La Libertad
975,Puebla,La Libertad
979,Puebla,La Libertad
980,Puebla,La Libertad
1090,Puebla,La Libertad
1091,Puebla,La Libertad
1092,Puebla,La Libertad
1090,Puebla,La Libertad
1091,Puebla,La Libertad
1092,Puebla,La Libertad
1090,Puebla,La Libertad
1091,Puebla,La Libertad
1097,Puebla,La Libertad
1098,Puebla,La Libertad
1099,Puebla,La Libertad
1126,Puebla,La Libertad
1098,Puebla,La Libertad
1099,Puebla,La Libertad
1101,Puebla,La Libertad
1102,Puebla,La Libertad
1125,Puebla,La Libertad
1126,Puebla,La Libertad
1098,Puebla,La Libertad
1099,Puebla,La Libertad
1411,Puebla,La Resurrección
1412,Puebla,La Resurrección
1413,Puebla,La Resurrección
1411,Puebla,La Resurrección
1411,Puebla,La Resurrección
1411,Puebla,La Resurrección
1413,Puebla,La Resurrección
1408,Puebla,La Resurrección
1410,Puebla,La Resurrección
1413,Puebla,La Resurrección
1415,Puebla,La Resurrección
1375,Puebla,La Resurrección
1413,Puebla,La Resurrección
1415,Puebla,La Resurrección
1375,Puebla,La Resurrección
1359,Puebla,La Resurrección
1375,Puebla,La Resurrección
1386,Puebla,La Resurrección
1396,Puebla,La Resurrección
1397,Puebla,La Resurrección
1398,Puebla,La Resurrección
1415,Puebla,La Resurrección
1359,Puebla,La Resurrección
1386,Puebla,La Resurrección
1396,Puebla,La Resurrección
1374,Puebla,La Resurrección
1398,Puebla,La Resurrección
1374,Puebla,La Resurrección
1397,Puebla,La Resurrección
1398,Puebla,La Resurrección
1259,Puebla,San Andrés Azumiatla
1147,Puebla,San Baltazar Campeche
1148,Puebla,San Baltazar Campeche
1149,Puebla,San Baltazar Campeche
1159,Puebla,San Baltazar Campeche
1147,Puebla,San Baltazar Campeche
1159,Puebla,San Baltazar Campeche
1160,Puebla,San Baltazar Campeche
1146,Puebla,San Baltazar Campeche
1161,Puebla,San Baltazar Campeche
1148,Puebla,San Baltazar Campeche
1149,Puebla,San Baltazar Campeche
1158,Puebla,San Baltazar Campeche
1436,Puebla,San Baltazar Campeche
1159,Puebla,San Baltazar Campeche
1160,Puebla,San Baltazar Campeche
1164,Puebla,San Baltazar Campeche
1161,Puebla,San Baltazar Campeche
1436,Puebla,San Baltazar Campeche
1158,Puebla,San Baltazar Campeche
1158,Puebla,San Baltazar Campeche
1159,Puebla,San Baltazar Campeche
1160,Puebla,San Baltazar Campeche
1164,Puebla,San Baltazar Campeche
1055,Puebla,San Baltazar Campeche
1454,Puebla,San Baltazar Campeche
1460,Puebla,San Baltazar Campeche
1436,Puebla,San Baltazar Campeche
1165,Puebla,San Baltazar Campeche
1166,Puebla,San Baltazar Campeche
1167,Puebla,San Baltazar Campeche
1452,Puebla,San Baltazar Campeche
1453,Puebla,San Baltazar Campeche
1454,Puebla,San Baltazar Campeche
1471,Puebla,San Baltazar Campeche
1472,Puebla,San Baltazar Campeche
1473,Puebla,San Baltazar Campeche
1474,Puebla,San Baltazar Campeche
1475,Puebla,San Baltazar Campeche
1476,Puebla,San Baltazar Campeche
1477,Puebla,San Baltazar Campeche
1505,Puebla,San Baltazar Campeche
1172,Puebla,San Baltazar Campeche
1173,Puebla,San Baltazar Campeche
1181,Puebla,San Baltazar Campeche
1162,Puebla,San Baltazar Campeche
1162,Puebla,San Baltazar Campeche
1452,Puebla,San Baltazar Campeche
1474,Puebla,San Baltazar Campeche
1459,Puebla,San Baltazar Campeche
1460,Puebla,San Baltazar Campeche
1163,Puebla,San Baltazar Campeche
1166,Puebla,San Baltazar Campeche
1167,Puebla,San Baltazar Campeche
1167,Puebla,San Baltazar Campeche
1459,Puebla,San Baltazar Campeche
1460,Puebla,San Baltazar Campeche
1167,Puebla,San Baltazar Campeche
1163,Puebla,San Baltazar Campeche
1166,Puebla,San Baltazar Campeche
1206,Puebla,San Baltazar Campeche
1449,Puebla,San Baltazar Campeche
1455,Puebla,San Baltazar Campeche
1163,Puebla,San Baltazar Campeche
1454,Puebla,San Baltazar Campeche
1458,Puebla,San Baltazar Campeche
1459,Puebla,San Baltazar Campeche
1469,Puebla,San Baltazar Campeche
1470,Puebla,San Baltazar Campeche
1163,Puebla,San Baltazar Campeche
1169,Puebla,San Baltazar Campeche
1170,Puebla,San Baltazar Campeche
1450,Puebla,San Baltazar Campeche
1455,Puebla,San Baltazar Campeche
1456,Puebla,San Baltazar Campeche
1457,Puebla,San Baltazar Campeche
1471,Puebla,San Baltazar Campeche
1477,Puebla,San Baltazar Campeche
1478,Puebla,San Baltazar Campeche
1479,Puebla,San Baltazar Campeche
1480,Puebla,San Baltazar Campeche
1501,Puebla,San Baltazar Campeche
1502,Puebla,San Baltazar Campeche
1503,Puebla,San Baltazar Campeche
1504,Puebla,San Baltazar Campeche
1505,Puebla,San Baltazar Campeche
1506,Puebla,San Baltazar Campeche
1507,Puebla,San Baltazar Campeche
1508,Puebla,San Baltazar Campeche
1509,Puebla,San Baltazar Campeche
1510,Puebla,San Baltazar Campeche
1511,Puebla,San Baltazar Campeche
1449,Puebla,San Baltazar Campeche
1449,Puebla,San Baltazar Campeche
1450,Puebla,San Baltazar Campeche
1455,Puebla,San Baltazar Campeche
1456,Puebla,San Baltazar Campeche
1163,Puebla,San Baltazar Campeche
1170,Puebla,San Baltazar Campeche
1175,Puebla,San Baltazar Campeche
1171,Puebla,San Baltazar Campeche
1172,Puebla,San Baltazar Campeche
1174,Puebla,San Baltazar Campeche
1168,Puebla,San Baltazar Campeche
1176,Puebla,San Baltazar Campeche
1205,Puebla,San Baltazar Campeche
1596,Puebla,San Baltazar Campeche
1597,Puebla,San Baltazar Campeche
1055,Puebla,San Baltazar Campeche
1172,Puebla,San Baltazar Campeche
1173,Puebla,San Baltazar Campeche
1179,Puebla,San Baltazar Campeche
1180,Puebla,San Baltazar Campeche
1182,Puebla,San Baltazar Campeche
1457,Puebla,San Baltazar Campeche
1602,Puebla,San Baltazar Campeche
1206,Puebla,San Baltazar Campeche
1472,Puebla,San Baltazar Campeche
1175,Puebla,San Baltazar Campeche
1455,Puebla,San Baltazar Campeche
1478,Puebla,San Baltazar Campeche
1179,Puebla,San Baltazar Campeche
1175,Puebla,San Baltazar Campeche
2568,Puebla,San Baltazar Campeche
1187,Puebla,San Baltazar Campeche
1190,Puebla,San Baltazar Campeche
1175,Puebla,San Baltazar Campeche
1176,Puebla,San Baltazar Campeche
1457,Puebla,San Baltazar Campeche
1470,Puebla,San Baltazar Campeche
1481,Puebla,San Baltazar Campeche
1164,Puebla,San Baltazar Campeche
1175,Puebla,San Baltazar Campeche
1176,Puebla,San Baltazar Campeche
1174,Puebla,San Baltazar Campeche
1178,Puebla,San Baltazar Campeche
1183,Puebla,San Baltazar Campeche
1185,Puebla,San Baltazar Campeche
1175,Puebla,San Baltazar Campeche
1177,Puebla,San Baltazar Campeche
1184,Puebla,San Baltazar Campeche
1173,Puebla,San Baltazar Campeche
1176,Puebla,San Baltazar Campeche
1186,Puebla,San Baltazar Campeche
1187,Puebla,San Baltazar Campeche
1191,Puebla,San Baltazar Campeche
1192,Puebla,San Baltazar Campeche
1470,Puebla,San Baltazar Campeche
1481,Puebla,San Baltazar Campeche
1500,Puebla,San Baltazar Campeche
1512,Puebla,San Baltazar Campeche
1513,Puebla,San Baltazar Campeche
1533,Puebla,San Baltazar Campeche
1188,Puebla,San Baltazar Campeche
1190,Puebla,San Baltazar Campeche
1173,Puebla,San Baltazar Campeche
1476,Puebla,San Baltazar Campeche
1505,Puebla,San Baltazar Campeche
1502,Puebla,San Baltazar Campeche
1187,Puebla,San Baltazar Campeche
1190,Puebla,San Baltazar Campeche
1185,Puebla,San Baltazar Campeche
1193,Puebla,San Baltazar Campeche
1194,Puebla,San Baltazar Campeche
1204,Puebla,San Baltazar Campeche
1189,Puebla,San Baltazar Campeche
1190,Puebla,San Baltazar Campeche
1181,Puebla,San Baltazar Campeche
1182,Puebla,San Baltazar Campeche
1552,Puebla,San Baltazar Campeche
1605,Puebla,San Baltazar Campeche
1304,Puebla,San Baltazar Campeche
1320,Puebla,San Baltazar Campeche
1542,Puebla,San Baltazar Campeche
1562,Puebla,San Baltazar Campeche
1188,Puebla,San Baltazar Campeche
1205,Puebla,San Baltazar Campeche
1181,Puebla,San Baltazar Campeche
1197,Puebla,San Baltazar Campeche
1205,Puebla,San Baltazar Campeche
1291,Puebla,San Baltazar Campeche
1292,Puebla,San Baltazar Campeche
1305,Puebla,San Baltazar Campeche
1570,Puebla,San Baltazar Campeche
1154,Puebla,San Baltazar Campeche
1157,Puebla,San Baltazar Campeche
2663,Puebla,San Baltazar Campeche
1195,Puebla,San Baltazar Campeche
2799,Puebla,San Baltazar Campeche
1290,Puebla,San Baltazar Campeche
1549,Puebla,San Baltazar Campeche
1568,Puebla,San Baltazar Campeche
1569,Puebla,San Baltazar Campeche
1194,Puebla,San Baltazar Campeche
1195,Puebla,San Baltazar Campeche
1201,Puebla,San Baltazar Campeche
1202,Puebla,San Baltazar Campeche
1203,Puebla,San Baltazar Campeche
1204,Puebla,San Baltazar Campeche
2800,Puebla,San Baltazar Campeche
1190,Puebla,San Baltazar Campeche
1205,Puebla,San Baltazar Campeche
1534,Puebla,San Baltazar Campeche
1195,Puebla,San Baltazar Campeche
2799,Puebla,San Baltazar Campeche
2800,Puebla,San Baltazar Campeche
1191,Puebla,San Baltazar Campeche
1192,Puebla,San Baltazar Campeche
1168,Puebla,San Baltazar Campeche
1205,Puebla,San Baltazar Campeche
1205,Puebla,San Baltazar Campeche
1506,Puebla,San Baltazar Campeche
1507,Puebla,San Baltazar Campeche
1509,Puebla,San Baltazar Campeche
2781,Puebla,San Baltazar Campeche
1182,Puebla,San Baltazar Campeche
2799,Puebla,San Baltazar Campeche
1190,Puebla,San Baltazar Campeche
1347,Puebla,San Baltazar Campeche
1362,Puebla,San Baltazar Campeche
1370,Puebla,San Baltazar Campeche
1061,Puebla,San Baltazar Campeche
1191,Puebla,San Baltazar Campeche
1192,Puebla,San Baltazar Campeche
1205,Puebla,San Baltazar Campeche
2566,Puebla,San Baltazar Campeche
2567,Puebla,San Baltazar Campeche
1200,Puebla,San Baltazar Campeche
1201,Puebla,San Baltazar Campeche
2799,Puebla,San Baltazar Campeche
2800,Puebla,San Baltazar Campeche
1078,Puebla,San Baltazar Campeche
1181,Puebla,San Baltazar Campeche
1197,Puebla,San Baltazar Campeche
1198,Puebla,San Baltazar Campeche
1199,Puebla,San Baltazar Campeche
1200,Puebla,San Baltazar Campeche
1181,Puebla,San Baltazar Campeche
1198,Puebla,San Baltazar Campeche
1199,Puebla,San Baltazar Campeche
1205,Puebla,San Baltazar Campeche
1204,Puebla,San Baltazar Campeche
1205,Puebla,San Baltazar Campeche
1206,Puebla,San Baltazar Campeche
1207,Puebla,San Baltazar Campeche
1208,Puebla,San Baltazar Campeche
1209,Puebla,San Baltazar Campeche
2569,Puebla,San Baltazar Campeche
1533,Puebla,San Baltazar Campeche
2622,Puebla,San Baltazar Campeche
1191,Puebla,San Baltazar Campeche
1206,Puebla,San Baltazar Campeche
1213,Puebla,San Baltazar Campeche
1206,Puebla,San Baltazar Campeche
1205,Puebla,San Baltazar Campeche
1535,Puebla,San Baltazar Campeche
1536,Puebla,San Baltazar Campeche
1205,Puebla,San Baltazar Campeche
1221,Puebla,San Baltazar Campeche
1206,Puebla,San Baltazar Campeche
1207,Puebla,San Baltazar Campeche
1208,Puebla,San Baltazar Campeche
1210,Puebla,San Baltazar Campeche
1200,Puebla,San Baltazar Campeche
1201,Puebla,San Baltazar Campeche
1211,Puebla,San Baltazar Campeche
1213,Puebla,San Baltazar Campeche
1537,Puebla,San Baltazar Campeche
1555,Puebla,San Baltazar Campeche
1562,Puebla,San Baltazar Campeche
1205,Puebla,San Baltazar Campeche
1554,Puebla,San Baltazar Campeche
1563,Puebla,San Baltazar Campeche
1564,Puebla,San Baltazar Campeche
1565,Puebla,San Baltazar Campeche
1566,Puebla,San Baltazar Campeche
2795,Puebla,San Baltazar Campeche
1206,Puebla,San Baltazar Campeche
1205,Puebla,San Baltazar Campeche
1217,Puebla,San Baltazar Campeche
1219,Puebla,San Baltazar Campeche
1220,Puebla,San Baltazar Campeche
1236,Puebla,San Baltazar Campeche
1534,Puebla,San Baltazar Campeche
1537,Puebla,San Baltazar Campeche
1555,Puebla,San Baltazar Campeche
1205,Puebla,San Baltazar Campeche
1525,Puebla,San Baltazar Campeche
1202,Puebla,San Baltazar Campeche
1203,Puebla,San Baltazar Campeche
1211,Puebla,San Baltazar Campeche
1212,Puebla,San Baltazar Campeche
1213,Puebla,San Baltazar Campeche
1215,Puebla,San Baltazar Campeche
1232,Puebla,San Baltazar Campeche
2583,Puebla,San Baltazar Campeche
1005,Puebla,San Baltazar Campeche
1012,Puebla,San Baltazar Campeche
1206,Puebla,San Baltazar Campeche
1205,Puebla,San Baltazar Campeche
1200,Puebla,San Baltazar Campeche
1213,Puebla,San Baltazar Campeche
1214,Puebla,San Baltazar Campeche
1536,Puebla,San Baltazar Campeche
1559,Puebla,San Baltazar Campeche
2584,Puebla,San Baltazar Campeche
2586,Puebla,San Baltazar Campeche
1204,Puebla,San Baltazar Campeche
1205,Puebla,San Baltazar Campeche
1221,Puebla,San Baltazar Campeche
1235,Puebla,San Baltazar Campeche
1221,Puebla,San Baltazar Campeche
1213,Puebla,San Baltazar Campeche
1536,Puebla,San Baltazar Campeche
1534,Puebla,San Baltazar Campeche
1555,Puebla,San Baltazar Campeche
1213,Puebla,San Baltazar Campeche
1215,Puebla,San Baltazar Campeche
1216,Puebla,San Baltazar Campeche
1217,Puebla,San Baltazar Campeche
1218,Puebla,San Baltazar Campeche
1229,Puebla,San Baltazar Campeche
1230,Puebla,San Baltazar Campeche
1231,Puebla,San Baltazar Campeche
1232,Puebla,San Baltazar Campeche
1233,Puebla,San Baltazar Campeche
1222,Puebla,San Baltazar Campeche
1223,Puebla,San Baltazar Campeche
1224,Puebla,San Baltazar Campeche
1225,Puebla,San Baltazar Campeche
1226,Puebla,San Baltazar Campeche
1227,Puebla,San Baltazar Campeche
1228,Puebla,San Baltazar Campeche
1221,Puebla,San Baltazar Campeche
1236,Puebla,San Baltazar Campeche
1235,Puebla,San Baltazar Campeche
1236,Puebla,San Baltazar Campeche
1237,Puebla,San Baltazar Campeche
1238,Puebla,San Baltazar Campeche
1215,Puebla,San Baltazar Campeche
1232,Puebla,San Baltazar Campeche
1233,Puebla,San Baltazar Campeche
1237,Puebla,San Baltazar Campeche
1246,Puebla,San Baltazar Campeche
1221,Puebla,San Baltazar Campeche
2551,Puebla,San Baltazar Campeche
2552,Puebla,San Baltazar Campeche
2553,Puebla,San Baltazar Campeche
2554,Puebla,San Baltazar Campeche
2555,Puebla,San Baltazar Campeche
2556,Puebla,San Baltazar Campeche
2557,Puebla,San Baltazar Campeche
2558,Puebla,San Baltazar Campeche
2559,Puebla,San Baltazar Campeche
2560,Puebla,San Baltazar Campeche
1235,Puebla,San Baltazar Campeche
1238,Puebla,San Baltazar Campeche
1235,Puebla,San Baltazar Campeche
1238,Puebla,San Baltazar Campeche
1246,Puebla,San Baltazar Campeche
2566,Puebla,San Baltazar Campeche
2567,Puebla,San Baltazar Campeche
1246,Puebla,San Baltazar Campeche
2561,Puebla,San Baltazar Campeche
1246,Puebla,San Baltazar Campeche
2565,Puebla,San Baltazar Campeche
2567,Puebla,San Baltazar Campeche
2568,Puebla,San Baltazar Campeche
2569,Puebla,San Baltazar Campeche
2570,Puebla,San Baltazar Campeche
2572,Puebla,San Baltazar Campeche
2573,Puebla,San Baltazar Campeche
2575,Puebla,San Baltazar Campeche
2576,Puebla,San Baltazar Campeche
2565,Puebla,San Baltazar Campeche
2562,Puebla,San Baltazar Campeche
2563,Puebla,San Baltazar Campeche
2592,Puebla,San Baltazar Campeche
2593,Puebla,San Baltazar Campeche
2595,Puebla,San Baltazar Campeche
2599,Puebla,San Baltazar Campeche
1246,Puebla,San Baltazar Campeche
1591,Puebla,San Baltazar Campeche
1205,Puebla,San Baltazar Campeche
2559,Puebla,San Baltazar Campeche
2563,Puebla,San Baltazar Campeche
2564,Puebla,San Baltazar Campeche
2583,Puebla,San Baltazar Campeche
2592,Puebla,San Baltazar Campeche
2593,Puebla,San Baltazar Campeche
1246,Puebla,San Baltazar Campeche
2566,Puebla,San Baltazar Campeche
1246,Puebla,San Baltazar Campeche
1239,Puebla,San Baltazar Campeche
1240,Puebla,San Baltazar Campeche
1241,Puebla,San Baltazar Campeche
1242,Puebla,San Baltazar Campeche
2566,Puebla,San Baltazar Campeche
2567,Puebla,San Baltazar Campeche
2567,Puebla,San Baltazar Campeche
2570,Puebla,San Baltazar Campeche
2571,Puebla,San Baltazar Campeche
1248,Puebla,San Baltazar Campeche
2567,Puebla,San Baltazar Campeche
2568,Puebla,San Baltazar Campeche
2573,Puebla,San Baltazar Campeche
2574,Puebla,San Baltazar Campeche
2575,Puebla,San Baltazar Campeche
2576,Puebla,San Baltazar Campeche
2566,Puebla,San Baltazar Campeche
2569,Puebla,San Baltazar Campeche
2572,Puebla,San Baltazar Campeche
2573,Puebla,San Baltazar Campeche
2562,Puebla,San Baltazar Campeche
2572,Puebla,San Baltazar Campeche
2575,Puebla,San Baltazar Campeche
2576,Puebla,San Baltazar Campeche
2575,Puebla,San Baltazar Campeche
2576,Puebla,San Baltazar Campeche
2576,Puebla,San Baltazar Campeche
2577,Puebla,San Baltazar Campeche
1606,Puebla,San Baltazar Tetela
1607,Puebla,San Baltazar Tetela
1608,Puebla,San Baltazar Tetela
1609,Puebla,San Baltazar Tetela
1415,Puebla,Santa María Xonacatepec
1417,Puebla,Santa María Xonacatepec
1411,Puebla,Santa María Xonacatepec
1413,Puebla,Santa María Xonacatepec
1415,Puebla,Santa María Xonacatepec
1415,Puebla,Santa María Xonacatepec
1417,Puebla,Santa María Xonacatepec
1534,Puebla,San Francisco Totimehuacan
1534,Puebla,San Francisco Totimehuacan
1214,Puebla,San Francisco Totimehuacan
1558,Puebla,San Francisco Totimehuacan
2585,Puebla,San Francisco Totimehuacan
2586,Puebla,San Francisco Totimehuacan
2587,Puebla,San Francisco Totimehuacan
2591,Puebla,San Francisco Totimehuacan
1561,Puebla,San Francisco Totimehuacan
1562,Puebla,San Francisco Totimehuacan
1536,Puebla,San Francisco Totimehuacan
1558,Puebla,San Francisco Totimehuacan
1559,Puebla,San Francisco Totimehuacan
1534,Puebla,San Francisco Totimehuacan
1556,Puebla,San Francisco Totimehuacan
1557,Puebla,San Francisco Totimehuacan
1558,Puebla,San Francisco Totimehuacan
1562,Puebla,San Francisco Totimehuacan
1242,Puebla,San Francisco Totimehuacan
1243,Puebla,San Francisco Totimehuacan
1244,Puebla,San Francisco Totimehuacan
1245,Puebla,San Francisco Totimehuacan
1248,Puebla,San Francisco Totimehuacan
1251,Puebla,San Francisco Totimehuacan
2559,Puebla,San Francisco Totimehuacan
2561,Puebla,San Francisco Totimehuacan
2566,Puebla,San Francisco Totimehuacan
2648,Puebla,San Francisco Totimehuacan
2649,Puebla,San Francisco Totimehuacan
1591,Puebla,San Francisco Totimehuacan
1561,Puebla,San Francisco Totimehuacan
1206,Puebla,San Francisco Totimehuacan
1214,Puebla,San Francisco Totimehuacan
2583,Puebla,San Francisco Totimehuacan
2588,Puebla,San Francisco Totimehuacan
2589,Puebla,San Francisco Totimehuacan
2590,Puebla,San Francisco Totimehuacan
2591,Puebla,San Francisco Totimehuacan
1565,Puebla,San Francisco Totimehuacan
2585,Puebla,San Francisco Totimehuacan
1561,Puebla,San Francisco Totimehuacan
1605,Puebla,San Francisco Totimehuacan
2794,Puebla,San Francisco Totimehuacan
2795,Puebla,San Francisco Totimehuacan
2798,Puebla,San Francisco Totimehuacan
2691,Puebla,San Francisco Totimehuacan
1252,Puebla,San Francisco Totimehuacan
2604,Puebla,San Francisco Totimehuacan
2614,Puebla,San Francisco Totimehuacan
1552,Puebla,San Francisco Totimehuacan
1563,Puebla,San Francisco Totimehuacan
1564,Puebla,San Francisco Totimehuacan
1590,Puebla,San Francisco Totimehuacan
1591,Puebla,San Francisco Totimehuacan
1592,Puebla,San Francisco Totimehuacan
1599,Puebla,San Francisco Totimehuacan
1600,Puebla,San Francisco Totimehuacan
1605,Puebla,San Francisco Totimehuacan
1607,Puebla,San Francisco Totimehuacan
2794,Puebla,San Francisco Totimehuacan
2795,Puebla,San Francisco Totimehuacan
2796,Puebla,San Francisco Totimehuacan
2797,Puebla,San Francisco Totimehuacan
2798,Puebla,San Francisco Totimehuacan
2794,Puebla,San Francisco Totimehuacan
2795,Puebla,San Francisco Totimehuacan
2796,Puebla,San Francisco Totimehuacan
2797,Puebla,San Francisco Totimehuacan
1242,Puebla,San Francisco Totimehuacan
2583,Puebla,San Francisco Totimehuacan
2586,Puebla,San Francisco Totimehuacan
2587,Puebla,San Francisco Totimehuacan
2591,Puebla,San Francisco Totimehuacan
2593,Puebla,San Francisco Totimehuacan
2594,Puebla,San Francisco Totimehuacan
2595,Puebla,San Francisco Totimehuacan
2596,Puebla,San Francisco Totimehuacan
2597,Puebla,San Francisco Totimehuacan
2598,Puebla,San Francisco Totimehuacan
2600,Puebla,San Francisco Totimehuacan
2601,Puebla,San Francisco Totimehuacan
2602,Puebla,San Francisco Totimehuacan
2604,Puebla,San Francisco Totimehuacan
2514,Puebla,San Francisco Totimehuacan
2515,Puebla,San Francisco Totimehuacan
1561,Puebla,San Francisco Totimehuacan
1691,Puebla,San Francisco Totimehuacan
1494,Puebla,San Francisco Totimehuacan
1523,Puebla,San Francisco Totimehuacan
1584,Puebla,San Francisco Totimehuacan
1585,Puebla,San Francisco Totimehuacan
2756,Puebla,San Francisco Totimehuacan
1248,Puebla,San Francisco Totimehuacan
2578,Puebla,San Francisco Totimehuacan
2579,Puebla,San Francisco Totimehuacan
2580,Puebla,San Francisco Totimehuacan
2664,Puebla,San Francisco Totimehuacan
2665,Puebla,San Francisco Totimehuacan
2566,Puebla,San Francisco Totimehuacan
2567,Puebla,San Francisco Totimehuacan
2569,Puebla,San Francisco Totimehuacan
2595,Puebla,San Francisco Totimehuacan
1243,Puebla,San Francisco Totimehuacan
1248,Puebla,San Francisco Totimehuacan
1605,Puebla,San Francisco Totimehuacan
1241,Puebla,San Francisco Totimehuacan
1242,Puebla,San Francisco Totimehuacan
1252,Puebla,San Francisco Totimehuacan
2593,Puebla,San Francisco Totimehuacan
1248,Puebla,San Francisco Totimehuacan
1605,Puebla,San Francisco Totimehuacan
2572,Puebla,San Francisco Totimehuacan
2573,Puebla,San Francisco Totimehuacan
2575,Puebla,San Francisco Totimehuacan
1248,Puebla,San Francisco Totimehuacan
2562,Puebla,San Francisco Totimehuacan
1591,Puebla,San Francisco Totimehuacan
2648,Puebla,San Francisco Totimehuacan
2650,Puebla,San Francisco Totimehuacan
1246,Puebla,San Francisco Totimehuacan
2648,Puebla,San Francisco Totimehuacan
2649,Puebla,San Francisco Totimehuacan
2650,Puebla,San Francisco Totimehuacan
2651,Puebla,San Francisco Totimehuacan
2668,Puebla,San Francisco Totimehuacan
1248,Puebla,San Francisco Totimehuacan
2664,Puebla,San Francisco Totimehuacan
2665,Puebla,San Francisco Totimehuacan
1605,Puebla,San Francisco Totimehuacan
2797,Puebla,San Francisco Totimehuacan
991,Puebla,San Francisco Totimehuacan
992,Puebla,San Francisco Totimehuacan
1021,Puebla,San Francisco Totimehuacan
1022,Puebla,San Francisco Totimehuacan
1093,Puebla,San Francisco Totimehuacan
2649,Puebla,San Francisco Totimehuacan
2651,Puebla,San Francisco Totimehuacan
1552,Puebla,San Francisco Totimehuacan
1251,Puebla,San Francisco Totimehuacan
1252,Puebla,San Francisco Totimehuacan
1252,Puebla,San Francisco Totimehuacan
2649,Puebla,San Francisco Totimehuacan
2651,Puebla,San Francisco Totimehuacan
2604,Puebla,San Francisco Totimehuacan
2614,Puebla,San Francisco Totimehuacan
2615,Puebla,San Francisco Totimehuacan
2649,Puebla,San Francisco Totimehuacan
2666,Puebla,San Francisco Totimehuacan
2668,Puebla,San Francisco Totimehuacan
2670,Puebla,San Francisco Totimehuacan
2649,Puebla,San Francisco Totimehuacan
2651,Puebla,San Francisco Totimehuacan
2577,Puebla,San Francisco Totimehuacan
2580,Puebla,San Francisco Totimehuacan
2582,Puebla,San Francisco Totimehuacan
2666,Puebla,San Francisco Totimehuacan
2667,Puebla,San Francisco Totimehuacan
2579,Puebla,San Francisco Totimehuacan
2580,Puebla,San Francisco Totimehuacan
2581,Puebla,San Francisco Totimehuacan
2582,Puebla,San Francisco Totimehuacan
1249,Puebla,San Francisco Totimehuacan
2651,Puebla,San Francisco Totimehuacan
2652,Puebla,San Francisco Totimehuacan
2653,Puebla,San Francisco Totimehuacan
2655,Puebla,San Francisco Totimehuacan
1251,Puebla,San Francisco Totimehuacan
1252,Puebla,San Francisco Totimehuacan
1249,Puebla,San Francisco Totimehuacan
1254,Puebla,San Francisco Totimehuacan
1252,Puebla,San Francisco Totimehuacan
1249,Puebla,San Francisco Totimehuacan
1254,Puebla,San Francisco Totimehuacan
1591,Puebla,San Francisco Totimehuacan
2579,Puebla,San Francisco Totimehuacan
2581,Puebla,San Francisco Totimehuacan
2582,Puebla,San Francisco Totimehuacan
2669,Puebla,San Francisco Totimehuacan
2669,Puebla,San Francisco Totimehuacan
2669,Puebla,San Francisco Totimehuacan
1599,Puebla,San Francisco Totimehuacan
2669,Puebla,San Francisco Totimehuacan
2670,Puebla,San Francisco Totimehuacan
2669,Puebla,San Francisco Totimehuacan
2670,Puebla,San Francisco Totimehuacan
2667,Puebla,San Francisco Totimehuacan
2669,Puebla,San Francisco Totimehuacan
2670,Puebla,San Francisco Totimehuacan
2655,Puebla,San Francisco Totimehuacan
1259,Puebla,San Francisco Totimehuacan
1602,Puebla,San Francisco Totimehuacan
2654,Puebla,San Francisco Totimehuacan
2656,Puebla,San Francisco Totimehuacan
2657,Puebla,San Francisco Totimehuacan
2658,Puebla,San Francisco Totimehuacan
2653,Puebla,San Francisco Totimehuacan
2655,Puebla,San Francisco Totimehuacan
1591,Puebla,San Francisco Totimehuacan
1249,Puebla,San Francisco Totimehuacan
1254,Puebla,San Francisco Totimehuacan
1255,Puebla,San Francisco Totimehuacan
1258,Puebla,San Francisco Totimehuacan
1254,Puebla,San Francisco Totimehuacan
2797,Puebla,San Francisco Totimehuacan
2657,Puebla,San Francisco Totimehuacan
2658,Puebla,San Francisco Totimehuacan
2657,Puebla,San Francisco Totimehuacan
1520,Puebla,San Francisco Totimehuacan
1524,Puebla,San Francisco Totimehuacan
2658,Puebla,San Francisco Totimehuacan
1032,Puebla,San Felipe Hueyotlipan
1033,Puebla,San Felipe Hueyotlipan
1035,Puebla,San Felipe Hueyotlipan
1044,Puebla,San Felipe Hueyotlipan
1051,Puebla,San Felipe Hueyotlipan
1052,Puebla,San Felipe Hueyotlipan
1053,Puebla,San Felipe Hueyotlipan
1055,Puebla,San Felipe Hueyotlipan
1035,Puebla,San Felipe Hueyotlipan
1043,Puebla,San Felipe Hueyotlipan
1054,Puebla,San Felipe Hueyotlipan
1562,Puebla,San Felipe Hueyotlipan
1012,Puebla,San Felipe Hueyotlipan
1034,Puebla,San Felipe Hueyotlipan
1035,Puebla,San Felipe Hueyotlipan
1043,Puebla,San Felipe Hueyotlipan
1012,Puebla,San Felipe Hueyotlipan
1013,Puebla,San Felipe Hueyotlipan
1034,Puebla,San Felipe Hueyotlipan
1035,Puebla,San Felipe Hueyotlipan
1012,Puebla,San Felipe Hueyotlipan
1012,Puebla,San Felipe Hueyotlipan
1035,Puebla,San Felipe Hueyotlipan
1128,Puebla,San Felipe Hueyotlipan
1012,Puebla,San Felipe Hueyotlipan
1013,Puebla,San Felipe Hueyotlipan
996,Puebla,San Felipe Hueyotlipan
1025,Puebla,San Felipe Hueyotlipan
1026,Puebla,San Felipe Hueyotlipan
1036,Puebla,San Felipe Hueyotlipan
1035,Puebla,San Felipe Hueyotlipan
977,Puebla,San Felipe Hueyotlipan
1015,Puebla,San Felipe Hueyotlipan
1070,Puebla,San Felipe Hueyotlipan
999,Puebla,San Felipe Hueyotlipan
1014,Puebla,San Felipe Hueyotlipan
1000,Puebla,San Felipe Hueyotlipan
1050,Puebla,San Felipe Hueyotlipan
1000,Puebla,San Felipe Hueyotlipan
1000,Puebla,San Felipe Hueyotlipan
1599,Puebla,San Felipe Hueyotlipan
1600,Puebla,San Felipe Hueyotlipan
999,Puebla,San Felipe Hueyotlipan
1000,Puebla,San Felipe Hueyotlipan
1036,Puebla,San Felipe Hueyotlipan
1037,Puebla,San Felipe Hueyotlipan
1025,Puebla,San Felipe Hueyotlipan
1036,Puebla,San Felipe Hueyotlipan
1037,Puebla,San Felipe Hueyotlipan
1070,Puebla,San Jerónimo Caleras
1079,Puebla,San Jerónimo Caleras
1071,Puebla,San Jerónimo Caleras
1079,Puebla,San Jerónimo Caleras
1069,Puebla,San Jerónimo Caleras
1070,Puebla,San Jerónimo Caleras
1071,Puebla,San Jerónimo Caleras
1048,Puebla,San Jerónimo Caleras
1049,Puebla,San Jerónimo Caleras
1058,Puebla,San Jerónimo Caleras
1059,Puebla,San Jerónimo Caleras
1050,Puebla,San Jerónimo Caleras
1055,Puebla,San Jerónimo Caleras
1056,Puebla,San Jerónimo Caleras
1057,Puebla,San Jerónimo Caleras
1061,Puebla,San Jerónimo Caleras
1062,Puebla,San Jerónimo Caleras
1070,Puebla,San Jerónimo Caleras
1071,Puebla,San Jerónimo Caleras
1058,Puebla,San Jerónimo Caleras
1059,Puebla,San Jerónimo Caleras
1060,Puebla,San Jerónimo Caleras
1061,Puebla,San Jerónimo Caleras
1060,Puebla,San Jerónimo Caleras
1060,Puebla,San Jerónimo Caleras
1069,Puebla,San Jerónimo Caleras
1060,Puebla,San Jerónimo Caleras
1055,Puebla,San Jerónimo Caleras
1061,Puebla,San Jerónimo Caleras
1062,Puebla,San Jerónimo Caleras
1055,Puebla,San Jerónimo Caleras
1061,Puebla,San Jerónimo Caleras
1050,Puebla,San Jerónimo Caleras
1061,Puebla,San Jerónimo Caleras
1049,Puebla,San Jerónimo Caleras
1050,Puebla,San Jerónimo Caleras
1009,Puebla,San Jerónimo Caleras
1050,Puebla,San Jerónimo Caleras
1061,Puebla,San Jerónimo Caleras
1062,Puebla,San Jerónimo Caleras
1029,Puebla,San Jerónimo Caleras
1029,Puebla,San Jerónimo Caleras
1055,Puebla,San Jerónimo Caleras
1046,Puebla,San Jerónimo Caleras
1029,Puebla,San Jerónimo Caleras
1029,Puebla,San Jerónimo Caleras
1029,Puebla,San Jerónimo Caleras
1032,Puebla,San Jerónimo Caleras
1046,Puebla,San Jerónimo Caleras
1050,Puebla,San Jerónimo Caleras
1009,Puebla,San Jerónimo Caleras
1029,Puebla,San Jerónimo Caleras
1009,Puebla,San Jerónimo Caleras
983,Puebla,San Jerónimo Caleras
1055,Puebla,San Jerónimo Caleras
1009,Puebla,San Jerónimo Caleras
1009,Puebla,San Jerónimo Caleras
1010,Puebla,San Jerónimo Caleras
1030,Puebla,San Jerónimo Caleras
1045,Puebla,San Jerónimo Caleras
1055,Puebla,San Jerónimo Caleras
1011,Puebla,San Jerónimo Caleras
1030,Puebla,San Jerónimo Caleras
1031,Puebla,San Jerónimo Caleras
1010,Puebla,San Jerónimo Caleras
1006,Puebla,San Jerónimo Caleras
1009,Puebla,San Jerónimo Caleras
1307,Puebla,San Jerónimo Caleras
1011,Puebla,San Jerónimo Caleras
1031,Puebla,San Jerónimo Caleras
1032,Puebla,San Jerónimo Caleras
1033,Puebla,San Jerónimo Caleras
1045,Puebla,San Jerónimo Caleras
1006,Puebla,San Jerónimo Caleras
1052,Puebla,San Jerónimo Caleras
1009,Puebla,San Jerónimo Caleras
1005,Puebla,San Jerónimo Caleras
1006,Puebla,San Jerónimo Caleras
2799,Puebla,San Jerónimo Caleras
1131,Puebla,San Jerónimo Caleras
1153,Puebla,San Jerónimo Caleras
1235,Puebla,San Jerónimo Caleras
1238,Puebla,San Jerónimo Caleras
1005,Puebla,San Jerónimo Caleras
981,Puebla,San Jerónimo Caleras
1003,Puebla,San Jerónimo Caleras
1004,Puebla,San Jerónimo Caleras
1005,Puebla,San Jerónimo Caleras
941,Puebla,San Jerónimo Caleras
942,Puebla,San Jerónimo Caleras
943,Puebla,San Jerónimo Caleras
944,Puebla,San Jerónimo Caleras
955,Puebla,San Jerónimo Caleras
956,Puebla,San Jerónimo Caleras
957,Puebla,San Jerónimo Caleras
973,Puebla,San Jerónimo Caleras
981,Puebla,San Jerónimo Caleras
1003,Puebla,San Jerónimo Caleras
2668,Puebla,San Jerónimo Caleras
2670,Puebla,San Jerónimo Caleras
2671,Puebla,San Jerónimo Caleras
1005,Puebla,San Jerónimo Caleras
1002,Puebla,San Jerónimo Caleras
982,Puebla,San Jerónimo Caleras
1000,Puebla,San Jerónimo Caleras
1001,Puebla,San Jerónimo Caleras
1002,Puebla,San Jerónimo Caleras
1011,Puebla,San Jerónimo Caleras
1012,Puebla,San Jerónimo Caleras
1002,Puebla,San Jerónimo Caleras
941,Puebla,San Jerónimo Caleras
1002,Puebla,San Jerónimo Caleras
941,Puebla,San Jerónimo Caleras
956,Puebla,San Jerónimo Caleras
957,Puebla,San Jerónimo Caleras
1418,Puebla,San Miguel Canoa
1419,Puebla,San Miguel Canoa
1420,Puebla,San Miguel Canoa
1421,Puebla,San Miguel Canoa
1422,Puebla,San Miguel Canoa
1077,Puebla,San Pablo Xochimehuacan
1078,Puebla,San Pablo Xochimehuacan
1072,Puebla,San Pablo Xochimehuacan
1076,Puebla,San Pablo Xochimehuacan
1077,Puebla,San Pablo Xochimehuacan
1078,Puebla,San Pablo Xochimehuacan
1076,Puebla,San Pablo Xochimehuacan
2776,Puebla,San Pablo Xochimehuacan
2777,Puebla,San Pablo Xochimehuacan
1072,Puebla,San Pablo Xochimehuacan
1076,Puebla,San Pablo Xochimehuacan
1076,Puebla,San Pablo Xochimehuacan
2776,Puebla,San Pablo Xochimehuacan
1076,Puebla,San Pablo Xochimehuacan
1064,Puebla,San Pablo Xochimehuacan
1066,Puebla,San Pablo Xochimehuacan
2779,Puebla,San Pablo Xochimehuacan
2776,Puebla,San Pablo Xochimehuacan
2777,Puebla,San Pablo Xochimehuacan
2778,Puebla,San Pablo Xochimehuacan
2779,Puebla,San Pablo Xochimehuacan
1064,Puebla,San Pablo Xochimehuacan
1066,Puebla,San Pablo Xochimehuacan
1067,Puebla,San Pablo Xochimehuacan
1068,Puebla,San Pablo Xochimehuacan
1072,Puebla,San Pablo Xochimehuacan
1073,Puebla,San Pablo Xochimehuacan
1073,Puebla,San Pablo Xochimehuacan
1074,Puebla,San Pablo Xochimehuacan
2777,Puebla,San Pablo Xochimehuacan
2779,Puebla,San Pablo Xochimehuacan
1064,Puebla,San Pablo Xochimehuacan
1380,Puebla,San Pablo Xochimehuacan
2779,Puebla,San Pablo Xochimehuacan
2781,Puebla,San Pablo Xochimehuacan
1048,Puebla,San Pablo Xochimehuacan
2781,Puebla,San Pablo Xochimehuacan
1064,Puebla,San Pablo Xochimehuacan
2668,Puebla,San Pablo Xochimehuacan
1054,Puebla,San Pablo Xochimehuacan
1128,Puebla,San Pablo Xochimehuacan
1602,Puebla,San Pedro Zacachimalpa
1604,Puebla,San Pedro Zacachimalpa
1606,Puebla,San Pedro Zacachimalpa
1607,Puebla,San Pedro Zacachimalpa
1406,Puebla,San Sebastián de Aparicio
1409,Puebla,San Sebastián de Aparicio
1210,Puebla,San Sebastián de Aparicio
2622,Puebla,San Sebastián de Aparicio
2778,Puebla,San Sebastián de Aparicio
2780,Puebla,San Sebastián de Aparicio
2777,Puebla,San Sebastián de Aparicio
2779,Puebla,San Sebastián de Aparicio
2781,Puebla,San Sebastián de Aparicio
2622,Puebla,San Sebastián de Aparicio
2623,Puebla,San Sebastián de Aparicio
2631,Puebla,San Sebastián de Aparicio
2632,Puebla,San Sebastián de Aparicio
1035,Puebla,San Sebastián de Aparicio
1406,Puebla,San Sebastián de Aparicio
2625,Puebla,San Sebastián de Aparicio
2779,Puebla,San Sebastián de Aparicio
2780,Puebla,San Sebastián de Aparicio
2781,Puebla,San Sebastián de Aparicio
2777,Puebla,San Sebastián de Aparicio
2780,Puebla,San Sebastián de Aparicio
2781,Puebla,San Sebastián de Aparicio
1408,Puebla,San Sebastián de Aparicio
2622,Puebla,San Sebastián de Aparicio
2626,Puebla,San Sebastián de Aparicio
2627,Puebla,San Sebastián de Aparicio
2623,Puebla,San Sebastián de Aparicio
2624,Puebla,San Sebastián de Aparicio
2627,Puebla,San Sebastián de Aparicio
2628,Puebla,San Sebastián de Aparicio
2629,Puebla,San Sebastián de Aparicio
1408,Puebla,San Sebastián de Aparicio
2622,Puebla,San Sebastián de Aparicio
2625,Puebla,San Sebastián de Aparicio
2622,Puebla,San Sebastián de Aparicio
2622,Puebla,San Sebastián de Aparicio
2624,Puebla,San Sebastián de Aparicio
2629,Puebla,San Sebastián de Aparicio
2630,Puebla,San Sebastián de Aparicio
2632,Puebla,San Sebastián de Aparicio
1408,Puebla,San Sebastián de Aparicio
1410,Puebla,San Sebastián de Aparicio
2526,Puebla,San Sebastián de Aparicio
2622,Puebla,San Sebastián de Aparicio
2631,Puebla,San Sebastián de Aparicio
2625,Puebla,San Sebastián de Aparicio
2777,Puebla,San Sebastián de Aparicio
2778,Puebla,San Sebastián de Aparicio
2780,Puebla,San Sebastián de Aparicio
1408,Puebla,San Sebastián de Aparicio
1410,Puebla,San Sebastián de Aparicio
1408,Puebla,San Sebastián de Aparicio
2631,Puebla,San Sebastián de Aparicio
2632,Puebla,San Sebastián de Aparicio
1392,Puebla,San Sebastián de Aparicio
1393,Puebla,San Sebastián de Aparicio
1394,Puebla,San Sebastián de Aparicio
1395,Puebla,San Sebastián de Aparicio
1406,Puebla,San Sebastián de Aparicio
1391,Puebla,San Sebastián de Aparicio
1380,Puebla,San Sebastián de Aparicio
1054,Puebla,San Sebastián de Aparicio
1378,Puebla,San Sebastián de Aparicio
1379,Puebla,San Sebastián de Aparicio
1380,Puebla,San Sebastián de Aparicio
1381,Puebla,San Sebastián de Aparicio
1390,Puebla,San Sebastián de Aparicio
1391,Puebla,San Sebastián de Aparicio
1378,Puebla,San Sebastián de Aparicio
1379,Puebla,San Sebastián de Aparicio
1380,Puebla,San Sebastián de Aparicio
1390,Puebla,San Sebastián de Aparicio
1379,Puebla,San Sebastián de Aparicio
1380,Puebla,San Sebastián de Aparicio
1390,Puebla,San Sebastián de Aparicio
1036,Puebla,San Sebastián de Aparicio
1377,Puebla,San Sebastián de Aparicio
1390,Puebla,San Sebastián de Aparicio
2698,Puebla,Santa María Guadalupe Tecola
1603,Puebla,Santo Tomás Chautla
1604,Puebla,Santo Tomás Chautla
1605,Puebla,Santo Tomás Chautla
1606,Puebla,Santo Tomás Chautla
